<application>
  <component name="AndroidLogcatFilterHistory">
    <option name="nonFavorites">
      <list>
        <option value="package:mine " />
        <option value="package:mine thumb" />
        <option value="package:mine id" />
        <option value="package:mine start" />
        <option value="package:mine starting gallery" />
        <option value="package:mine" />
        <option value="package:mine Starting connection" />
        <option value="package:mine starting connection" />
        <option value="package:mine  " />
        <option value="package:mine  trans" />
        <option value="package:mine  client" />
        <option value="package:mine  transport" />
        <option value="package:mine  autosave" />
        <option value="package:mine  transp" />
        <option value="package:mine  FFFF" />
        <option value="package:mine took" />
        <option value="package:minege" />
        <option value="package:mine _android_setsocknetwork" />
        <option value="package:mine select" />
        <option value="package:mine downloaded" />
      </list>
    </option>
  </component>
</application>