<application>
  <component name="FileTypeManager" version="19">
    <ignoreFiles list="*.a;*.d;*.dll;*.elf;*.o;*.out;*.pyc;*.pyo;*.rbc;*.yarb;*~;.DS_Store;.git;.hg;.mypy_cache;.pytest_cache;.ruff_cache;.svn;CVS;__pycache__;_svn;vssver.scc;vssver2.scc" />
    <extensionMap>
      <removed_mapping ext="a" approved="true" type="AiExclude file" />
      <removed_mapping ext="apk" approved="true" type="ARCHIVE" />
      <removed_mapping ext="d" approved="true" type="AiExclude file" />
      <removed_mapping ext="dll" approved="true" type="AiExclude file" />
      <removed_mapping ext="o" approved="true" type="AiExclude file" />
      <removed_mapping ext="out" approved="true" type="AiExclude file" />
      <removed_mapping ext="psd" approved="true" type="Image" />
      <removed_mapping ext="rs" approved="true" type="Android RenderScript" />
    </extensionMap>
  </component>
</application>