<application>
  <component name="ProjectManager">
    <defaultProject>
      <component name="PropertiesComponent">{
  &quot;keyToString&quot;: {
    &quot;settings.editor.selected.configurable&quot;: &quot;AndroidSdkUpdater&quot;
  }
}</component>
      <component name="WindowStateProjectService">
        <state x="345" y="255" width="998" height="708" key="SettingsEditor" timestamp="1715966352871">
          <screen x="0" y="0" width="1680" height="1002" />
        </state>
        <state x="345" y="255" width="998" height="708" key="SettingsEditor/0.0.1680.1002" timestamp="1715966352871" />
      </component>
    </defaultProject>
  </component>
</application>