<application>
  <component name="StudioBotSettings">
    <option name="acceptedTermsVersion" value="3" />
    <option name="contextSharingModeV2" value="NeverShare" />
    <option name="onboardedVersion" value="3" />
    <option name="queryHistory">
      <list>
        <historyEntry timestamp="1727500325429">How do I make const char *key be a string to a R.string.* value so that the ide can validate it
int app_get_string(const char *key) {
	return jni_get_string_id(get_jni_env(), get_jni_ctx(), key);
}</historyEntry>
      </list>
    </option>
  </component>
</application>