<application>
  <component name="AndroidLogcatFilterHistory">
    <option name="mostRecentlyUsed" value="package:mine" />
    <option name="nonFavorites">
      <list>
        <option value="package:mine" />
        <option value="package:mine c" />
        <option value="package:mine clicked" />
        <option value="package:mine ptr" />
        <option value="package:mine ptrs" />
        <option value="package:mine " />
        <option value="package:mine  libui" />
        <option value="package:mine libui" />
        <option value="package:mine x" />
        <option value="package:mine sock port:" />
        <option value="package:mine ____" />
        <option value="compressed " />
        <option value="package:mine compres" />
        <option value="package:mine pending " />
        <option value="package:mine compressed" />
        <option value="package:mine compressed " />
        <option value="package:mine new connection" />
        <option value="chrome" />
        <option value="package:mine asd" />
        <option value="package:mine DEBUG" />
      </list>
    </option>
  </component>
</application>