<application>
  <component name="FindSettings">
    <option name="customScope" value="File '…/app/src/main/java/dev/petabyt/camcontrol/Script.java [CamControl.app.main]'" />
    <option name="defaultScopeName" value="File '…/app/src/main/java/dev/petabyt/camcontrol/Script.java [CamControl.app.main]'" />
    <option name="SEARCH_SCOPE" value="File '…/app/src/main/java/dev/petabyt/camcontrol/Script.java [CamControl.app.main]'" />
    <mask>*.css</mask>
    <mask>*.html</mask>
    <mask>*.xml</mask>
    <mask>*.jsp</mask>
    <mask>*.properties</mask>
    <mask>*.java</mask>
  </component>
</application>